,,,,,,,,,,,,,,,,,,,,,,,,,,,,,,,,,,,,,,,,,,,,,,,,,,,,,,,,,,,,,,,,,,,,,,,,,,,,,,,,,,,,,,,,,,,,,,,,,,,,,,,,,,,,,,,,,,,,,,,,,,,,,,,,,,,,,,,,,,,,,,,,,,,,,,,,,,,,,,,,,,,,,,,,,,,,,,,,,,,,,,,,,,,,,,,,,,,,,,,,,,,,i,,,,,,,,,,,,,,,,,,,,,,,,,,,,,,,,,,,,,,,,,,,,,,,,,,,,,,,,,,,,,,,,,,,,,,,,,,,,,,,,,,,,,,,,,,,,,,,,,,,,,,,,,,,,,,,,,,,,,,,,,,,,,,,,,,,,,,,,,,,,,,,,,,,,,,,,,,,,,,,,,,,,,,,,,,,,,,,,,,,,,,,,,,,,,,,,,,,,,,,,,,,,,,,,,,,,,,,,,,,,,,,,,,,,,,,,,,,,,,,,,,,,,,,,,,,,,,,,,,,,,,,,,,,,,,,,,,,,,,,,,,,,,,,,,,,,,,,,,,,,,,,,,,,,,,,,,,,,,,,,,,,,,,,,,,,,,,,,,,,,,,,,,,,,,,,,,,,,,,,,,,,,,,,,,,,,,,,,,,,,,,,,,,,,,,,,,,,,,,,,,,,,,,,,,,,,,,,,,,,,,,,,,,,,,,,,,,,,,,,,,,,,,,,,,,,,,,,,,,,,,,,,,,,,,,,,,,,,,,,,,,,,,,,,,,,,,,,,,,,,,,,,,,,,,,,,,,,,,,,,,,,,,,,,,,,,,,,,,,,,,,,,,,,,,,,,,,,,,,,,,,,,,,,,,,,,,,,,,,,,,,,,,,,,,,,,,,,,,,,,,,,,,,,,,,,,,,10,,,,,,,,,,
,,,,,,,,,,,,,,,,,,,,,,,,,,,,,,,,,,,,,,,,,,,,,,,,,,,,,,,,,,,,,,,,,,,,,,,,,,,,,,,,,,,,,,,,,,,,,,,,,,,,,,,,,,,,,,,,,,,,,,,,,,,,,,,,,,,,,,,,,,,,,,,,,,,,,,,,,,,,,,,,,,,,,,,,,,,,,,,,,,,,,,,,,,,,,,,,,,,,,,,,,,,,,,,,,,,,,,,,,,,,,,,,,,,,,,,,,,,,,,,,,,,,,,,,,,,,,,,,,,,,,,,,,,,,,,,,,,,,,,,,,,,,,,,,,,,,,,,,,,,,,,,,,,,,,,,,,,,,,,,,,,,,,,,,,,,,,,,,,,,,,,,,,,,,,,,,,,,,,,,,,,,,,,,,,,,,,,,,,,,,,,,,,,,,,,,,,,,,,,,,,,,,,,,,,,,,,,,,,,,,,,,,,,,,,,,,,,,,,,,,,,,,,,,,,,,,,,,,,,,,,,,,,,,,,,,,,,,,,,,,,,,,,,,,,,,,,,,,,,,,,,,,,,,,,,,,,,,,,,,,,,,,,,,,,,,,,,,,,,,,,,,,,,,,,,,,,,,,,,,,,,,,,,,,,,,,,,,,,,,,,,,,,,,,,,,,,,,,,,,,,,,,,,,,,,,,,,,,,,,,,,,,,,,,,,,,,,,,,,,,,,,,,,,,,,,,,,,,,,,,,,,,,,,,,,,,,,,,,,,,,,,,,,,,,,,,,,,,,,,,,,,,,,,,,,,,,,,,,,,,,,,,,,,,,,,,,,,,,,,,,,,,,,,,,,,,,,,,,,,,,,,,,,,,,,,,,,,,,,,,,,,,,,,,,,,,,,,,,,,,,,,,,,,,,,,,,,,,,,10,,,,,,,,,,
,,,,,,,,,,,,,,,,,,,,,,,,,,,,,,,,,,,,,,,,,,,,,,,,,,,,,,,,,,,,,,,,,,,,,,,,,,,,,,,,,,,,,,,,,,,,,,,,,,,,,,,,,,,,,,,,,,,,,,,,,,,,,,,,,,,,,,,,,,,,,,,,,,,,,,,,,,,,,,,,,,,,,,,,,,,,,,,,,,,,,,,,,,,,,,,,,,,,,,,,,,,,,,,,,,,,,,,,,,,,,,,,,,,,,,,,,,,,,,,,,,,,,,,,,,,,,,,,,,,,,,,,,,,,,,,,,,,,,,,,,,,,,,,,,,,,,,,,,,,,,,,,,,,,,,,,,,,,,,,,,,,,,,,,,,,,,,,,,,,,,,,,,,,,,,,,,,,,,,,,,,,,,,,,,,,,,,,,,,,,,,,,,,,,,,,,,,,,,,,,,,,,,,,,,,,,,,,,,,,,,,,,,,,,,,,,,,,,,,,,,,,,,,,,,,,,,,,,,,,,,,,,,,,,,,,,,,,,,,,,,,,,,,,,,,,,,,,,,,,,,,,,,,,,,,,,,,,,,,,,,,,,,,,,,,,,,,,,,,,,,,,,,,,,,,,,,,,,,,,,,,,,,,,,,,,,,,,,,,,,,,,,,,,,,,,,,,,,,,,,,,,,,,,,,,,,,,,,,,,,,,,,,,,,,,,,,,,,,,,,,,,,,,,,,,,,,,,,,,,,,,,,,,,,,,,,,,,,,,,,,,,,,,,,,,,,,,,,,,,,,,,,,,,,,,,,,,,,,,,,,,,,,,,,,,,,,,,,,,,,,,,,,,,,,,,,,,,,,,,,,,,,,,,,,,,,,,,,,,,,,,,,,,,,,,,,,,,,,,,,,,,,,,,,,,,,,,,,,,10,,,,,,,,,,
,,,,,,,,,,,,,,,,,,,,,,,,,,,,,,,,,,,,,,,,,,,,,,,,,,,,,,,,,,,,,,,,,,,,,,,,,,,,,,,,,,,,,,,,,,,,,,,,,,,,,,,,,,,,,,,,,,,,,,,,,,,,,,,,,,,,,,,,,,,,,,,,,,,,,,,,,,,,,,,,,,,,,,,,,,,,,,,,,,,,,,,,,,,,,,,,,,,,,,,,,,,,,,,,,,,,,,,,,,,,,,,,,,,,,,,,,,,,,,,,,,,,,,,,,,,,,,,,,,,,,,,,,,,,,,,,,,,,,,,,,,,,,,,,,,,,,,,,,,,,,,,,,,,,,,,,,,,,,,,,,,,,,,,,,,,,,,,,,,,,,,,,,,,,,,,,,,,,,,,,,,,,,,,,,,,,,,,,,,,,,,,,,,,,,,,,,,,,,,,,,,,,,,,,,,,,,,,,,,,,,,,,,,,,,,,,,,,,,,,,,,,,,,,,,,,,,,,,,,,,,,,,,,,,,,,,,,,,,,,,,,,,,,,,,,,,,,,,,,,,,,,,,,,,,,,,,,,,,,,,,,,,,,,,,,,,,,,,,,,,,,,,,,,,,,,,,,,,,,,,,,,,,,,,,,,,,,,,,,,,,,,,,,,,,,,,,,,,,,,,,,,,,,,,,,,,,,,,,,,,,,,,,,,,,,,,,,,,,,,,,,,,,,,,,,,,,,,,,,,,,,,,,,,,,,,,,,,,,,,,,,,,,,,,,,,,,,,,,,,,,,,,,,,,,,,,,,,,,,,,,,,,,,,,,,,,,,,,,,,,,,,,,,,,,,,,,,,,,,,,,,,,,,,,,,,,,,,,,,,,,,,,,,,,,,,,,,,,,,,,,,,,,,,,,,,,,,,,,,10,,,,,,,,,,
,,,,,,,,,,,,,,,,,,,,,,,,,,,,,,,,,,,,,,,,,,,,,,,,,,,,,,,,,,,,,,,,,,,,,,,,,,,,,,,,,,,,,,,,,,,,,,,,,,,,,,,,,,,,,,,,,,,,,,,,,,,,,,,,,,,,,,,,,,,,,,,,,,,,,,,,,,,,,,,,,,,,,,,,,,,,,,,,,,,,,,,,,,,,,,,,,,,,,,,,,,,,,,,,,,,,,,,,,,,,,,,,,,,,,,,,,,,,,,,,,,,,,,,,,,,,,,,,,,,,,,,,,,,,,,,,,,,,,,,,,,,,,,,,,,,,,,,,,,,,,,,,,,,,,,,,,,,,,,,,,,,,,,,,,,,,,,,,,,,,,,,,,,,,,,,,,,,,,,,,,,,,,,,,,,,,,,,,,,,,,,,,,,,,,,,,,,,,,,,,,,,,,,,,,,,,,,,,,,,,,,,,,,,,,,,,,,,,,,,,,,,,,,,,,,,,,,,,,,,,,,,,,,,,,,,,,,,,,,,,,,,,,,,,,,,,,,,,,,,,,,,,,,,,,,,,,,,,,,,,,,,,,,,,,,,,,,,,,,,,,,,,,,,,,,,,,,,,,,,,,,,,,,,,,,,,,,,,,,,,,,,,,,,,,,,,,,,,,,,,,,,,,,,,,,,,,,,,,,,,,,,,,,,,,,,,,,,,,,,,,,,,,,,,,,,,,,,,,,,,,,,,,,,,,,,,,,,,2110,,,,,,,,,,,,,,,,,,,,,,,,,,,,,,,,,,,,,,,,,,,,,,,,,,,,,,,,,,,,,,,,,,,,,,,,,,,,,,,,,,,,,,,,,,,,,,,,,,,,,,,,,,,,,,,,,,,,,,,,,,,,,,,,,,,,,,,,,,,,,,10,,,,,,,,,,
,,,,,,,,,,,,,,,,,,,,,,,,,,,,,,,,,,,,,,,,,,,,,,,,,,,,,,,,,,,,,,,,,,,,,,,,,,,,,,,,,,,,,,,,,,,,,,,,,,,,,,,,,,,,,,,,,,,,,,,,,,,,,,,,,,,,,,,,,,,,,,,,,,,,,,,,,,,,,,,,,,,,,,,,,,,,,,,,,,,,,,,,,,,,,,,,,,,,,,,,,,,,,,,,,,,,,,,,,,,,,,,,,,,,,,,,,,,,,,,,,,,,,,,,,,,,,,,,,,,,,,,,,,,,,,,,,,,,,,,,,,,2110,,,,,,,,,,,,,,,,,,,,,,,,,,,,,,,,,,,,,,,,,,,,,,,,,,,,,,,,,,,,,,,,,,,,,,,,,,,,,,,,,,,,,,,,,,,,,,,,,,,,,,,,,,,,,,,,,,,,,,,,,,,,,,,,,,,,,,,,,,,,,,,,,,,,,,,,,,,,,,,,,,,,,2100,1220,1200,1200,1221,,,,,,,,,,,,,,,,,,,,,,,,,,,,,,,,,,,,,,,,,,,,,,,,,,,,,,,,,,,,,,,,,,,,,,,,,,,,,,,,,,,,,,,,,,,,,,,,,,,,,,,,,,,,,,,,,,,,,,,,,,,,,,,,,,,,,,,,,,,,,,,,,,,,,,,,,,,,,,,,,,,,,,,,,,,,,,,,,,,,,,,,,,,,,,,,,,,,,,,,,,,,,,,,,,,,,,,,,,,,,,,,,,,,,,,,,,,,,,,,,,,,,,,,,,,,,,,,,,,,,,,,,,,,,,,,,,,,,,,,,,,,,,,,,,,,,,,,,,,,,,,,,,,,,,,,,,,,,,,,,,,,,,,,,,,,,,,,,,,,,,,,,,,,,,,,,,,,,,,,,,,,,,10,,,,,,,,,,
,,,,,,,,,,,,,,,,,,,,,,,,,,,,,,,,,,,,,,,,,,,,,,,,,,,,,,,,,,,,,,,,,,,,,,,,,,,,,,,,,,,,,,,,,,,,,,,,,,,,,2110,,,,,,,,,,,,,,,,,,,,,,,,,,,,,,,,,,,,,,,,,,,,,,,,,,,,,,,,,,,,,,,,,,,,,,,2200,,,,,,,,,,,,,,,,,,,,,,,,,,,,,,,,,,,,,,,,,,,,,,,,,,,,,,,,,,,,,,,,,,,,,,,,,,,,,,,,,,,,,,,,,,,,,,,,,,,,,,,,,,,,,,,,,,,,,,,,,,,,,,,,,,,,,,,,,,,,,,,,,,,,,,,,,,,,,,,,,,,,,,,,,,,,,,,,,,,,,,,,,,,,,,,,,,,,,,,,,,,,,,,,,,,,,,,,,,,,,,,,,,,,,,,,,,,,,,,,,,,,,,,,,,,,,,,,,,,,,,,,,,,,,,,,,,,,1220,1201,1201,1201,1201,1221,,,,,,,,,,,,,,,,,,,,,,,,,,,,,,,,,,,,,,,,,,,,,,,,,,,,,,,,,,,,,,,,,,,,,,,,,,,,,,,,,,,,,,,,,,,,,,,,,,,,,,,,,,,,,,,,,,,,,,,,,,,,,,,,,,,,,,,,,,,,,,,,,,,,,,,,,,,,,,,,,,,,,,,,,,,,,,,,,,,,,,,,,,,,,,,,,,,,,,,,,,,,,,,,,,,,,,,,,,,,,,,,,,,,,,,,,,,,,,,,,,,,,,,,,,,,,,,,,,,,,,,,,,,,,,,,,,,,,,,,,,,,,,,,,,,,,,,,,,,,,,,,,,,,,,,,,,,,,,,,,,,,,,,,,,,,,,,,,,,,,,,,,,,,,,,,,,,,,,,,,,,,,10,,,,,,,,,,
,,,,,,,,,,,,,,,,,,,,,,,,,,,,,,,,,,,,,,,,,,,,,,,,,,,,,,,,,,,,,,,,,,,,,,,,,,,,,,,,,,,,,,,,,,,,,,,,,,,,,,,,,,,,,,,,,,,,,,,,,,,,,,,,,,,,,,,,,,,,,,,,,,,,,,,,,,,,,,,,,,,,,,,,,,,,,,,,,,,,,,,,,,,,,,,,,,,,,,,,,,,,,,,,,,,,,,,,,,,,,,,,,,,,,,,,,,,,,,,,,,,,,,,,,,,,,,,,,,,,,,,,,,,,,,,,,,,,,,,,,,,,,,,,,,,,,,,,,,,,,,,,,,,,,,,,,,,,,,,,,,,,,,,,,,,,,,,,,,,,,,,,,,,,,,,,,,,,,,,,,,,,,,,,,,,,,,,,,,,,,,,,,,,,,,,,,,,,,,,,,,,,,,,,,,,,,,,,,,,,,,,,,,,,,,,,,,,,,2200,,,,,,,,,,1220,1201,1201,1201,1201,1201,1201,1221,,,,,,,,,,,,,,,,,,,,,,,,,,,,,,,,,,,,,,,,,,,,,,,,,,,,,,,,,,,,,,,,,,,,,,,,,,,,,,,,,,,,,,,,,,,,,,,,,,,,,,,,,,,,,,,,,,,,,,,,,,,,,,,,,,,,,,,,,,,,,,,,,,,,,,,,,,,,,,,,,,,,,,,,,,,,,,,,,,,,,,,,,,,,,,,,,,,,,,,,,,,,,,,,,,,,,,,,,,,,,,,,,,,,,,,,,,,,,,,,,,,,,,,,,,,,,,,,,,,,,,,,,,,,,,,,,,,,,,,,,,,,,,,,,,,,,,,,,,,,,,,,,,,,,,,,,,,,,,,,,,,,,,,,,,,,,,,,,,,,,,,,,,,,,,,,,,,,,,,,,,,,10,,,,,,,,,,
,,,,,,,,,,,,,,,,,,,,,,,,,,,,,,,,,,,,,,,,,,,,,,,,,,,,,,,,,,,,,,,,,,,,,,,,,,,,,,,,,,,,,,,,,,,,,,,,,,,,,,,,,,,,,,,,,,,,,,,,,,,,,,,,,,,,,,,,,,,,,,,,,,,,,,,,,,,,,,,,,,,,,,,,,,,,,,,,,,,,,,,,,,,,,,,,,,,,,,,,,,,,,,,,,,,,,,,,,,,,,,,,,,,,,,,,,,,,,,,,,,,,,,,,,,,,,,,,,,,,,,,,,,,,,,,,,,,,,,,,,,,,,,,,,,,,,,,,,,,,,,,,,,,,,,,,,,,,,,,,,,,,,,,,,,,,,,,,,,,,,,,,,,,,,,,,,,,,,,,,,,,,,,,,,,,,,,,,,,,,,,,,,,,,,,,,,,,,,,,,,,,,,,,,,,,,,,,,,,,,,,,,,,,,,,,,,,,,,,,,,,,1220,1200,1200,1200,1201,1201,1201,1201,1201,1201,1201,1201,1221,2100,,,,,,,,,,,,,,,,,,,,,,,,,,,,,,,,,,,,,,,,,,,,,,,,,,,,,,,,,,,,,,,,,,,,,,,,,,,,,,,,,,,,,,,,,,,,,,,,,,,,,,,,,,,,,,,,,,,,,,,,,,,,,,,,,,,,,,,,,,,,,,,,,,,,,,,,,,,,,,,,,,,,,,,,,,,,,,,,,,,,,,,,,,,,,,,,,,,,,,,,,,,,,,,,,,,,,,,,,,,,,,,,,,,,,,,,,,,,,,,,,,,,,,,,,,,,,,,,,,,,,,,,,,,,,,,,,,,,,,,,,,,,,,,,,,,,,,,,,,,,,,,,,,,,,,,,,,,,,,,,,,,,,,,,,,,,,,,,,,,,,,,,,,,,,,,,,,,,,,,,,,10,,,,,,,,,,
,,,,,,,,,,,,,,,,,,,,,,,,,,,,,,,,,,,,,,,,,,,,,,,,,,,,,,,,,,,,,,,,,,,,,,,,,,,,,,,,,,,,,,,,,,,,,,,,,,,,,,,,,,,,,,,,,,,,,,,,,,,,,,,,,,,,,,,,,,,,,,,,,,,,,,,,,,,,,,,,,,,,,,,,,,,,,,,,,,,,,,,,,,,,,,,,,,,,,,,,,,,,,,,,,,,,,,,,,,,,,,,,,,,,,,,,,,,,,,,,,,,,,,,,,,,,,,,,,,,,,,,,,,,,,,,,,,,,1120,1100,1100,1100,1121,,,,,,,,,,,,,,,,,,,,,,,,,,,,,,,,,,,,,,,,,,,,,,,,,,,,,,,,,,,,,,,,,,,,,,,,,,,,,,,,,,,,,,,,,,,,,,,,,,,,,,,,,,,,,,,,,,,,,,,,,,,,,,,,,,,,,,,,,,,,,,,,,,,,,,,,,,,,,,,,,,1220,1201,1201,1201,1201,1201,1201,1201,1201,1201,1201,1201,1201,1201,1221,,,,,,,,,,,,,,,,,,,,,,,,,,,,,,,,,,,,,,,,,,,,,,,,,,,,,,,,,,,,,,,,,,,,,,,,,,,,,,,,,,,,,,,,,,,,,,,,,,,,,,,,,,,,,,,,,,,,,,,,,,,,,,,,,,,,,,,,,,,,,,,,,,,,,,,,,,,,,,,,,,,,,,,,,,,,,,,,,,,,,,,,,,,,,,,,,,,,,,,,,,,,,,,,,,,,,,,,,,,,1320,1300,1300,1300,1300,1300,1321,,,,,,,,,,,,,,,,,,,,,,,,,,,,,,,,,,,,,,,,,,,,,,,,,,,,,,,,,,,,,,,,,,,,,,,,,,,,,,,,,,,,,,,,,,,,,,,,,,,,,,,,,,,,,,,,,,,,,,,,,,,,,,,,,,,,,,,,10,,,,,,,,,,
,,,,,,,,,,,,,,,,,,,,,,,,,,,,,,,,,,,,,,,,,,,,,,,,,,,,,,,,,,,,,,,,,,,,,,,,,,,,,,,,,,,,,,,,,,,,,,,,,,,,,,,,,,,,,,,,,,,,,,,,,,,,,,,,,,,,,,,,,,,,,,,,,,,,,,,,,,,,,,,,,,,,,,,,,,,,,,,,,,,,,,,,,,,,,,,,,,,,,,,,,,,,,,,,,,,,,,,,,,,,,,,,,,,,,,,,,,,,,,,,,,,,,,,,,,,,,,,,,,,,,,,,2200,,,,,,,,,,,1120,1101,1101,1101,1101,1101,1121,,,,,,,,,,,,,,,,,,,,,,,,,,,,,,,,,,,,,,,,,,,,,,,,,,,,,,,,,,,,,,,,,,,,,,,,,,,,,,,,,,,,,,,,,,,,,,,,,,,,,,,,,,,,,,,,,,,,,,,,,,,,,,,,,,,,,,,,,,,,,,,,,,,,,,,,,,,,,,,,1220,1201,1201,1201,1201,1201,1201,1201,1201,1201,1201,1201,1201,1201,1201,1201,1221,,,,,,,,,,,,,,,,,,,,,,,,,,,,,,,,,,,,,,,,,,,,,,,,,,,,,,,,,,,,,,,,,,,,,,,,,,,,,,,,,,,,,,,,,,,,,,,,,,,,,,,,,,,,,,,,,,,,,,,,,,,,,,,,,,,,,,,,,,,,,,,,,,,,,,,,,,,,,,,,,,,,,,,,,,,,,,,,,,,,,,,,,,,,,,,,,,,,,,,,,,,,,,,,,,,,,,,,,,1320,1301,1301,1301,1301,1301,1301,1301,1321,,,,,,,,,,,,,,,,,,,,,,,,,,,,,,,,,,,,,,,,,,,,,,,,,,,,,,,,,,,,,,,,,,,,,,,,,,,,,,,,,,,,,,,,,,,,,,,,,,,,,,,,,,,,,,,,,,,,,,,,,,,,,,,,,,,,,,,10,,,,,,,,,,
,,,,,,,,,,,,,,,,,,,,,,,,,,,,,,,,,,,,,,,,,,,,,,,,,,,,,,,,,,,,,,,,,,,,,,,,,,,,,,,,,,,,,,,,,,,,,,,,,,,,,,,,,,,,,,,,,,,,,,,,,,,,,,,,,,,,,,,,,,,,,,,,,,,,,,,,,,,,,,,,,,,,,,,,,1120,1100,1100,1121,,,,,,,,,,,,,,,,,,,,,,,,,,,,,,,,,,,,,,,,,,,,,,,,,,,,,,,,,,,,,,,,,,,,,,,,,,,,,,,,,,,,,,,,,,,,,,,,,,,,,2100,1120,1101,1101,1101,1101,1101,1101,1101,1121,,,,,,,,,,,,,,,,,,,,,,,,,,,,,,,,,,,,,,,,,,,,,,,,,,,,,,,,,,,,,,,,,,,,,,,,,,,,,,,,,,,,,,,,,,,,,,,,,,,,,,,,,,,,,,,,,,,,,,,,,,,,,,,,,,,,,,,,,,,,,,,,,,,,,,,,,,,,,,1220,1201,1201,1201,1201,1201,1201,1201,1201,1201,1201,1201,1201,1201,1201,1201,1201,1201,1221,2100,,,,,,,,,,,,,,,,,,,,,,,,,,,,,,,,,,,,,,,,,,,,,,,,,,,,,,,,,,,,,,,,,,,,,,,,,,,,,,,,,,,,,,,,,,,,,,,,,,,,,,,,,,,,,,,,,,,,,,,,,,,,,,,,,,,,,,,,,,,,,,,,,,,,,,,,,,,,,,,,,,,,,,,,,,,,,,,,,,,,,,,,,,,,,,,,,,,,,,,,,,,,,,,,,,,,,,,1320,1301,1301,1301,1301,1301,1301,1301,1301,1301,1321,,,,,,,,,,,,,,,,,,,,,,,,,,,,,,,,,,,,,,,,,,,,,,,,,,,,,,,,,,,,,,,,,,,,,,,,,,,,,,,,,,,,,,,,,,,,,,,,,,,,,,,,,,,,,,,,,,,,,,,,,,,,,,,,,,,,,,10,,,,,,,,,,
,,,,,,,,,,,,,,,,,,,,,,,,,,,,,,,,,,,,,,,,,,,,,,,,,,,,,,,,,,,,,,,,,,,,,,,,,,,,,,,,,,,,,,,,,,,,,,,,,,,,,,,,,,,,,,,,,,,,,,,,,,,,,,,,,,,,,,,,,,,,,,,,,,,,,,,,,,,,,,,,,,,,,,,,1120,1101,1101,1101,1101,1121,,,,,,,2110,,,,,,,,,,,,,,,,,,,,,,,,,,,,,,,,,,,,,,,,,,,,,,,,,,,,,,,,,,,,,,,,,,,,,,,,,,,,,,,,,,,,,,,,,,,,,1120,1101,1101,1101,1101,1101,1101,1101,1101,1101,1121,,,,,,,,,,,,,,,,,,,,,,,,,,,,,,,,,,,,,,,,,,,,,,,,,,,,,,,,,,,,,,,,,,,,,,,,,,,,,,,,,,,,,,,,,,,,,,,,,,,,,,,,,,,,,,,,,,,,,,,,,,2110,,,,,,,,,,,,,,,,,,,,,,,,,,,,,,,,,,1220,1201,1201,1201,1201,1201,1201,1201,1201,1201,1201,1201,1201,1201,1201,1201,1201,1201,1201,1201,1221,,,,,,,,,,,,,,,,,,,,,,,,,,,,,,,,,,,,,,,,,,,,,,,,,,,,,,,,,,,,,,,,,,,,,,,,,,,,,,,,,,,,,,,,,,,,,,,,,,,,,,,,,,,,,,,,,,,,,,,,,,,,,,,,,,,,,,,,,,,,,,,,,,,,,,,,,,,,,,,,,,,,,,,,,,,,,,,,,,,,,,,,,,,,,,,,,,,,,,,,,,,,,,,,,,,,,2100,1320,1301,1301,1301,1301,1301,1301,1301,1301,1301,1301,1301,1321,,,,,,,,,,,,,,,,,,,,,,,,,,,,,,,,,,,,,,,,,,,,,,,,,,,,,,,,,,,,,,,,,,,,,,,,,,,,,,,,,,,,,,,,,,,,,,,,,,,,,,,,,,,,,,,,,,,,,,,,,,,,,,,,,,,,,10,,,,,,,,,,
,,,,,,,,,,,,,,,,,,,,,,,,,,,,,,,,,,,,,,,,,,,,,,,,,,,,,,,,,,1120,1100,1100,1100,1100,1121,,,,,,,,,,,,,,,,,,,,,,,,,,,,,,,,,,,,,,,,,,,,,,,,,,,,,,,,,,,,,,,,,,,,,,,,,,,,,,,,,,,,,,,,,,,,,,,,,,,,,,,,1120,1101,1101,1101,1101,1101,1101,1121,,,,,,,,,,,,,,,,,,,,,,,,,,,,,,,,,,,,,,,,,,,,,,,,,,,,,,,,,,,,,,,,,,,,,,,,,,,,,,,,,,,,,,,,,,,,,,,,,,1120,1101,1101,1101,1101,1101,1101,1101,1101,1101,1101,1101,1121,,,,,,,,,,,,,,,,,,,,,,,,,,,,,,,,,,,,,,,,,,,,,,,,,,,,,,,,,,,,,,,,,,,,,,,,,,,,,,,,,,,,,,,,,,,,,,,,,,,,,,,,,,,,,,,,,,,,,,,,,,,,,,,,,,,,,,,,,,,,,,,,,,,,,,,1220,1200,1200,1200,1201,1201,1201,1201,1201,1201,1201,1201,1201,1201,1201,1201,1201,1201,1201,1201,1201,1201,1201,1201,1201,1221,,,,,,,,,,,,,,,,,,,,,,,,,,,,,,,,,,,,,,,,,,,,,,,,,,,,,,,,,,,,,,,,,,,,,,,,,,,,,,,,,,,,,,,,,,,,,,,,,,,,1220,1200,1221,,,,,,2110,,,,,,,,,,,,,,,,,,,,,,,,,,,,,,,,,,,,,,,,,,,,,,,,,2200,,,,,,,,,,,,,,,,,,,,,,,,,,,,,,,,,,,,,,,,,,,,,,,,1320,1300,1300,1300,1300,1300,1300,1300,1301,1301,1301,1301,1301,1301,1301,1301,1301,1301,1301,1301,1301,1321,,,,,,,,,,,,,,,,,,,,,,,,,,,,,,,,,,,,,,,,,,,,,,,,,,,,,,,,,,,,,,,,,,,,,,,,,,,,,,,,,,,,,,,,,,,,,,,,,,,,,,,,,,,,,,,,,,,,,,,,,,,,,,,,,,,,10,,,,,,,,,,
,,,,,,,,,,,,,,,,,,,,,,,,,,,,,,,,,,,,,,,,,,,,,,,,,,,,,,,,,1120,1101,1101,1101,1101,1101,1101,1121,,,,,,,,,,,,,,,,,,,,,,,,,,,,,,1120,1100,1100,1100,1100,1100,1121,,,,,,,,,,,,,,,,,,,,,,,,,,,,,,,,,,,,,,,,,,,,,,,,,,,,,,,,,,,,,,,,2100,,1120,1101,1101,1101,1101,1101,1101,1101,1101,1121,,,,,,,,,,,,,,,,,,,,,,,,,,,,,,,,,,,,,,,,,,,,,,,,,,,,,,,,,,,,,,,,,,,,,,,,,,,,,,,2110,,,,,,,,,,,,,,1120,1100,1100,1100,1101,1101,1101,1101,1101,1101,1101,1101,1101,1101,1101,1101,1101,1121,,,,,,,,,,,,,,,,,,,,,,,,,,,,,,,,,,,,,,,,,,,,,,,,,,,,,,,,,,,,,,,,,,2110,,,,,,,,,,,,,,,,,,,,,,,,,,,,,,,,,,,,,,,,,,,,,,,,,,,,,,,,,,,,,,,,,,,,,,,,,,,,,,,,,,,1220,1201,1201,1201,1201,1201,1201,1201,1201,1201,1201,1201,1201,1201,1201,1201,1201,1201,1201,1201,1201,1201,1201,1201,1201,1201,1201,1221,,,,,,,,,,,,,,,,,,,,,,,,,,,,,,,,,,,,,,,,,,,,,,,,,,,,,,,,,,,,,,,,,,,,,,,,,,,,2110,,,,,,,,,,,,,,,,,,,,,,1220,1201,1201,1201,1221,,,,,,,,,,,,,,,,,,,,,,,,,,,,,,,,,,,,,,2110,,,,,,,,,,,,,,,,,,,,,,,,,,,,,,,,,,,,,,,,,,,,,,,,,,,,,,,,,,,,,,2100,1320,1301,1301,1301,1301,1301,1301,1301,1301,1301,1301,1301,1301,1301,1301,1301,1301,1301,1301,1301,1301,1301,1301,1321,,,,,,,,,,,,,,,,,,,,,,,,,,,,,,,,,,,,,,,,,,,,,,,,,,,,,,,,,,,,,,,,,,,,,,,,,,,,,,,,,,,,,,,,,,,,,,,,,,,,,,,,,,,,,,,2110,,,,,,,,,2110,,,,,,,,,,,10,,,,,,,,,,
,,,,,,,,,,,,,,,,,,,,,,,,,,,,,,,,,,,,,,,,,,,,,,,,,,,,,,,2100,1120,1101,1101,1101,1101,1101,1101,1101,1101,1121,2100,,,,,,,,,,,,,,,,,,,,,,,,,,,1120,1101,1101,1101,1101,1101,1101,1101,1121,,,,,,,,,,,,,,,,,,,,,,,2200,,,,,,,,,,,,,,,,,,,,,,,,,,,,,,,,,,,,,,,,1120,1100,1101,1101,1101,1101,1101,1101,1101,1101,1101,1101,1121,,,,,,,,,,,,,,,,,,,,,,,,,,,,,,,,,,,,,,,,2110,,,,,,,,,,,,,2110,,,,,,,,,,,,,,,,,,,,,,,,,,,,,,,,,,,,,,1120,1101,1101,1101,1101,1101,1101,1101,1101,1101,1101,1101,1101,1101,1101,1101,1101,1101,1101,1121,,,,,,,,,,,,,,,,,,,,,,,,,,,,,,,,,,,,,,,,,,,,,,,,,,,,,,,,,,,,,,,,,,,,,,,,,,,,,,,,,,,,,,2110,,,,,,,,,,,,,,,,,,,,,,,,,,,,,,,,,,,,,,,,,,,,,,,,,,,,,,,,,,,,,1220,1201,1201,1201,1201,1201,1201,1201,1201,1201,1201,1201,1201,1201,1201,1201,1201,1201,1201,1201,1201,1201,1201,1201,1201,1201,1201,1201,1201,1221,,,,2100,,,,,,,,,,,2110,,,,,,,,,,,,,,,,,,,,,,,,,,,,,,,,,,,,,,,,,2110,,,,,,,,,,,,,,,,,,,,,,,,,,,,,,,,,,,,,,,2100,1220,1201,1201,1201,1201,1201,1221,,,,,,,,,,,,,,,,,,,,,,,,,,,,,,,,,,,,,,,,,,,,,,,,,,,,,,,,,,,,,,,,,,,,,2110,,,,,,,,,,,,,,,,,,,,,,,,,,,,,,1320,1301,1301,1301,1301,1301,1301,1301,1301,1301,1301,1301,1301,1301,1301,1301,1301,1301,1301,1301,1301,1301,1301,1301,1301,1321,2100,,,,,,,,,,,,,,,,,,,,,2110,,,,,,,,,,,,,,,,,,,,,,,,,,,,,,,,,,,,2110,,,,,,,,,,,,,,,,,,,,,,,,,,,,,,,2110,,,,,,,,,,,,,,,,,,,,,,,,,,,,,,,,,,,,,,,,,10,,,,,,,,,,
,,,,,,,,,,,,,,,,,,,,,,,,,,,,,,,,,,,,,,,,,,,,,,,,,,,,,,,1120,1101,1101,1101,1101,1101,1101,1101,1101,1101,1101,1121,,,,,,,,,,,,,,,2200,,,,,,,,,,,1120,1101,1101,1101,1101,1101,1101,1101,1101,1101,1121,,,,,,,,,,,,,,,,,,,,,,,,,,,,,,,,,,,,,,,,,,,,,,,,,,,,,,,,,,,,,1120,1101,1101,1101,1101,1101,1101,1101,1101,1101,1101,1101,1101,1101,1121,,,,,,,,,,,,,,,,,,,,2200,,,,,,,,,,,,,,,,,,,,,,,,,,,,,,,,,,,,,,,,,,,,,,,,,,,,,,,,,,,,,,,,,,,,,1120,1101,1101,1101,1101,1101,1101,1101,1101,1101,1101,1101,1101,1101,1101,1101,1101,1101,1101,1101,1101,1121,,,,,,,,,,,,,,,,,,,,,,,,,,,,,,,,,,,,,,,,,,,2200,,,,,,,,,,,,,,,,,,,,,,,,,,,,,,,,,,,,,,,,,,,,,,,,,,,,,,,,,,,,,,,,,,,,,,,,,,,,,,,,,,,,,,,,,,,,,,,,,,,,,,1220,1201,1201,1201,1201,1201,1201,1201,1201,1201,1201,1201,1201,1201,1201,1201,1201,1201,1201,1201,1201,1201,1201,1201,1201,1201,1201,1201,1201,1201,1201,1200,1200,1200,1221,,,,,,,,,,,,,,,,,,,,,,,,2110,,,,,,,,,,,,,,,,,,,,,,,,,,,,,,,,,,,,,,,,,,,,,,,,,,,,,,,,,,,,,,,,,,2100,1220,1201,1201,1201,1201,1201,1201,1201,1221,,,,,,,,,,,,,,,,,,,,,,,,,,,,,,,,,,,,,,,,,,,,,,,,,,,,,,,,,,,,,,,,,,,,,,,,,,,,,,,,,,,,,,,,,,,,,,,,,1320,1301,1301,1301,1301,1301,1301,1301,1301,1301,1301,1301,1301,1301,1301,1301,1301,1301,1301,1301,1301,1301,1301,1301,1301,1301,1301,1321,,,,,,,,,,,,,,,,,,,,,,,,,,,,,,,2200,,,,,,,,,,,,,,,,,,,,,,,,,,,,,,,,,,,,,,,,,,,,,,,,,,,,,,,,,,,,,,,,,,,,,,,,,,,,,,,,,,,,,,,,,,,,,,,,2110,,10,,,,,,,,,,
,,,,,,,,,,,,,,,,,,,,,,,,,,,,,,,,,,,,,,,,,,,,,,,,,,,,,,1120,1101,1101,1101,1101,1101,1101,1101,1101,1101,1101,1101,1101,1121,,,,,,,,,,,,,,,,,,,,,,,2110,1120,1101,1101,1101,1101,1101,1101,1101,1101,1101,1101,1101,1121,,,,,,,,,,,,,,,,,,,,,,,,,,,,,,,,,,,,,,,,,,,,,,,,,,,,,,,,,,,1120,1101,1101,1101,1101,1101,1101,1101,1101,1101,1101,1101,1101,1101,1101,1101,1121,,,,,,,,,,,,,,,,,,,,,,,,,,,,,,,,,,,,,,,,,,,,,,,,,,,,,,,,,,,,,,,,,,,,,,,,,,,,,,,,,,,,,,,1120,1101,1101,1101,1101,1101,1101,1101,1101,1101,1101,1101,1101,1101,1101,1101,1101,1101,1101,1101,1101,1101,1101,1100,1100,1100,1121,,,,,,,,,,,,,,,,,,,,,,,,,,,,,,,,,,,,,,,,,,,,,,,,,,,,,,,,,,,,,,,,,,,,,,,,,,,,,,,,,,,,,,,,,,,,,,,,,,,,,,,,,,,,,,,,,,,,,,,,,,,,,,,,,2110,,,,,,,,,,2100,1220,1201,1201,1201,1201,1201,1201,1201,1201,1201,1201,1201,1201,1201,1201,1201,1201,1201,1201,1201,1201,1201,1201,1201,1201,1201,1201,1201,1201,1201,1201,1201,1201,1201,1201,1201,1221,,,,,,,,,,,,,,,,,,,,,,,,,,,,,,,,,,,,,,,,,,,,,,,,,,,,,,,,,,,,,,,,,,,,,,,,,,,,,,,,,,,,,,,,,1220,1201,1201,1201,1201,1201,1201,1201,1201,1201,1221,,,,,,,,,,,,,,,,,,,,,,,,,,,,,,,,,,,,,,,,,,,,,,,,,,,,,,,,,,,,,,,,,,,,,,,,,,,,,,,,,,,,,,,2200,,,,,,,,1320,1301,1301,1301,1301,1301,1301,1301,1301,1301,1301,1301,1301,1301,1301,1301,1301,1301,1301,1301,1301,1301,1301,1301,1301,1301,1301,1301,1301,1321,,,,,,,,,,,,,,,,,,,,,,,,,,,,,,,,,,,,,,,,,,,,,,2110,,,,,,,,,,,,,,,,,,,,,,,,,,,2110,,,,,,,,,,,,,,,,,,,,,,,,,,,,,,,,,,,,,,,,,,,,,,,,,,,,,,,10,,,,,,,,,,
,,,,,,,,,,,,,,,,,,,,,,,,,,,,,,,,,,,,,,,,,,,,,,,,,,,,,1120,1101,1101,1101,1101,1101,1101,1101,1101,1101,1101,1101,1101,1101,1101,1121,,,,,,,,,,,,,,,,,,,,,,1120,1101,1101,1101,1101,1101,1101,1101,1101,1101,1101,1101,1101,1101,1121,,,,,,,,,,,,,,,,,,,,,,,,,,,,,,,,,,,,,,,,,,,,,,,,,,,,,,,,,1120,1101,1101,1101,1101,1101,1101,1101,1101,1101,1101,1101,1101,1101,1101,1101,1101,1101,1100,1100,1121,,,,,,,,,,,,,,,,,,,,,,,,,,,,,,,,,,,,,,,,,,,,,,,,,,,,,,,,,,,,,,,,,,,,,,,,,,,,,,,,,,,1120,1101,1101,1101,1101,1101,1101,1101,1101,1101,1101,1101,1101,1101,1101,1101,1101,1101,1101,1101,1101,1101,1101,1101,1101,1101,1101,1100,1121,2100,,,,,,,,,,,,,,,,,,,,,,,,,,,,,,,,,,,,,,,,,,,,,,,,,,,,,,,,,,,,,,,,,,,,,,,,,,,,,,,,,,,,,,,,,,,,,,,,,,,,,,,,,,,,,,,,,,,,,,,,,,,,,,,,,,,,,,,,,1220,1201,1201,1201,1201,1201,1201,1201,1201,1201,1201,1201,1201,1201,1201,1201,1201,1201,1201,1201,1201,1201,1201,1201,1201,1201,1201,1201,1201,1201,1201,1201,1201,1201,1201,1201,1201,1201,1221,,,,,,,,,,,,,,,,,,,,,,,,,,,,,,,,,,,,,,,,,,,,,,,,,,,,,,,,,,,,,,,,,,,,,1220,1200,1200,1200,1221,,,,,,,,,,,,,,1220,1201,1201,1201,1201,1201,1201,1201,1201,1201,1201,1201,1221,,,,,,,,,,,,,,,,,,,,,,,,,,,,,,,,,,,,,,,,,,,,,,,,,,,,,,,,,,,,,,,,,,,,,,,,,,,,,,,,,,,,,,,,,,,,,1320,1301,1301,1301,1301,1301,1301,1301,1301,1301,1301,1301,1301,1301,1301,1301,1301,1301,1301,1301,1301,1301,1301,1301,1301,1301,1301,1301,1301,1301,1301,1321,,,,,,,,,,,,,,,,,,,,,,,,,,,,,,,,,,,,,,,,,,,,,,,,,,,,,,,,,,,,,,,,,,,,,,,,,,,,,,,,,,,,,,,,,,,,,,,,,,,,,,,,,,,,,,,,,,,,,,,,,,,,,,,10,,,,,,,,,,
,,,,,,,,,,,,,,,,,,,,,,,,,,,,,,,,,,,,,,,,,,,,,,,,,,,,1120,1101,1101,1101,1101,1101,1101,1101,1101,1101,1101,1101,1101,1101,1101,1101,1101,1121,,,,,,,,,,,,,,,,,,,,1120,1101,1101,1101,1101,1101,1101,1101,1101,1101,1101,1101,1101,1101,1101,1101,1121,,,,,,,,,,,,,,,,,,,,,,,,,,,,,,,,,,,,,,,,,,,,,,,,,,,,,,,1120,1101,1101,1101,1101,1101,1101,1101,1101,1101,1101,1101,1101,1101,1101,1101,1101,1101,1101,1101,1101,1101,1121,,,,,,,,,,,,,,,,,,,,,,,,,,,,,,,,,,,,,,,,,,,,,,,,,,,,,,,,,,,,,,,,,,,,,,,,,,,,,,,,,1120,1101,1101,1101,1101,1101,1101,1101,1101,1101,1101,1101,1101,1101,1101,1101,1101,1101,1101,1101,1101,1101,1101,1101,1101,1101,1101,1101,1101,1101,1121,,,,,,,,,,,,,,,,,,,,,,,,,,,,,,,,,,,,,,,,,,,,,,,,,,,,,,,,,,,,,,,,,,,,,,,,,,,,,,,,,,,,,,,,,,,,,,,,,,,,,,,,,,,,,,,,,,,,,,,,,,,,,,,,,,,,,,,,1220,1201,1201,1201,1201,1201,1201,1201,1201,1201,1201,1201,1201,1201,1201,1201,1201,1201,1201,1201,1201,1201,1201,1201,1201,1201,1201,1201,1201,1201,1201,1201,1201,1201,1201,1201,1201,1201,1201,1201,1221,,,,,,,,,,,,,,,,,,,,,,,,,,,,,,,,,,,,,,,,,,,,,,,,,,,,,,,,,,,,,,,,,,,1220,1201,1201,1201,1201,1201,1221,,,,,,,,,,,,1220,1201,1201,1201,1201,1201,1201,1201,1201,1201,1201,1201,1201,1201,1221,,,,,,,,,,,,,,,,,,,,,,,,,,,,,,,,,,,,,,,,,,,,,,,,,,,,,,,,,,,,,,,,,,,,,,,,,,,,,,,,,,,,,,,,,,,1320,1301,1301,1301,1301,1301,1301,1301,1301,1301,1301,1301,1301,1301,1301,1301,1301,1301,1301,1301,1301,1301,1301,1301,1301,1301,1301,1301,1301,1301,1301,1301,1301,1321,,,,,,,,,,,,,,,,,,,,,,,,,,,,,,,,,,,,,,,,,,,,,,,,,,,,,,,,,,,,,,,,,,,,,,,,,,,,,,,,,,,,,,,,,,,,,,,,,,,,,,,,,,,,,,,,,,,,,,,,,,,,,,10,,,,,,,,,,
,,,,,,,,,,,,,,,,,,,,,,,,,,,,,,,,,,,,,,,,,,,,,,,,,,,1120,1101,1101,1101,1101,1101,1101,1101,1101,1101,1101,1101,1101,1101,1101,1101,1101,1101,1101,1121,,,,,,,,,,,,,,,,,,1120,1101,1101,1101,1101,1101,1101,1101,1101,1101,1101,1101,1101,1101,1101,1101,1101,1101,1121,,,,,,,,,,,,,,,,,,,,,,,,,,,,,,,,,,,,,,,,,,,,,,,,,,,,,1120,1101,1101,1101,1101,1101,1101,1101,1101,1101,1101,1101,1101,1101,1101,1101,1101,1101,1101,1101,1101,1101,1101,1101,1121,,,,,,,,,,,,,,,,,,,,,,,,,,,,,,,,,,,,,,,,,,,,,,,,,,,,,,,,,,,,,,,,,,,,,,,,,,,,,,,1120,1101,1101,1101,1101,1101,1101,1101,1101,1101,1101,1101,1101,1101,1101,1101,1101,1101,1101,1101,1101,1101,1101,1101,1101,1101,1101,1101,1101,1101,1101,1101,1121,,,,,,,,,,,,,,,,,,,,,,,,,,,,,,,,,,,,,,,,,,,,,,,,,,,,,,,,,,,,,,,,,,,,,,,,,,,,,,,,,,,,,,,,,,,,,,,,,,,,,,,,,,,,,,,,,,,,,,,,,,,,,,,,,,,,,,1220,1201,1201,1201,1201,1201,1201,1201,1201,1201,1201,1201,1201,1201,1201,1201,1201,1201,1201,1201,1201,1201,1201,1201,1201,1201,1201,1201,1201,1201,1201,1201,1201,1201,1201,1201,1201,1201,1201,1201,1201,1201,1221,,,,,,,,,,,,,,,,,,,,,,,,,,,,,,,,,,,,,,,,,,,,,,,,,,,,,,,,,,,,,,,,,1220,1201,1201,1201,1201,1201,1201,1201,1221,,,,,,,,,,1220,1201,1201,1201,1201,1201,1201,1201,1201,1201,1201,1201,1201,1201,1201,1201,1221,,,,,,,,,,,,,,,,,,,,,,,,,,,,,,,,,,,,,,,,,,,,,,,,,,,,,,,,,,,,,,,,,,,,,,,,,,,,,,,,,,,,,,,,,1320,1301,1301,1301,1301,1301,1301,1301,1301,1301,1301,1301,1301,1301,1301,1301,1301,1301,1301,1301,1301,1301,1301,1301,1301,1301,1301,1301,1301,1301,1301,1301,1301,1301,1301,1321,,,,,,,,,,,,,,,,,,,,,,,,,,,,,,,,,,,,,,,,,,,,,,,,,,,,,,,,,,,,,,,,,,,,,,,,,,,,,,,,,,,,,,,,,,,,,,,,,,,,,,,,,,,,,,,,,,,,,,,,,,,,,10,,,,,,,,,,
,,,,,,,,,,,,,,,,,,,,,,,,,,,,,,,,,,,,,,,,,,,,,2100,,,,,1120,1101,1101,1101,1101,1101,1101,1101,1101,1101,1101,1101,1101,1101,1101,1101,1101,1101,1101,1101,1101,1121,,2100,,,,,,,,,,,,,,1120,1101,1101,1101,1101,1101,1101,1101,1101,1101,1101,1101,1101,1101,1101,1101,1101,1101,1101,1101,1121,,,,2100,,,,2110,,,,,,,,,,,,,,,,,,,,,,,,,,,,,,,,,,,,,,,,,,,1120,1101,1101,1101,1101,1101,1101,1101,1101,1101,1101,1101,1101,1101,1101,1101,1101,1101,1101,1101,1101,1101,1101,1101,1101,1101,1121,,,,,,,,,,,,,,,,,,,,,,,,,,,,,,,,,,,,,,,,,,,,,,,,,,,,,2100,,,,,,,,,,,,,,,,,,,,,,,2200,1120,1101,1101,1101,1101,1101,1101,1101,1101,1101,1101,1101,1101,1101,1101,1101,1101,1101,1101,1101,1101,1101,1101,1101,1101,1101,1101,1101,1101,1101,1101,1101,1101,1101,1121,,,,,,,,,,,,,,,,2200,,,,,,,,,2110,,,,,,,,,,,,,,,,,,,2110,,,,,,,,,,,,,,,,,,,,,,,,,,,,,,,,,,,,,,,,,2200,,,,,,,,,2200,,,,,,,,,,,,,,2100,,,,,,,,,,2110,,,,,,,,,,,,,,1220,1201,1201,1201,1201,1201,1201,1201,1201,1201,1201,1201,1201,1201,1201,1201,1201,1201,1201,1201,1201,1201,1201,1201,1201,1201,1201,1201,1201,1201,1201,1201,1201,1201,1201,1201,1201,1201,1201,1201,1201,1201,1201,1201,1221,2100,,,,,,,,,,,,,,,,,,,,,,,,,,,,,,,,,,,,,2200,,,,,,,,,,,,,,,,,,,,2100,,,,,1220,1201,1201,1201,1201,1201,1201,1201,1201,1201,1221,,2100,,,,,,1220,1201,1201,1201,1201,1201,1201,1201,1201,1201,1201,1201,1201,1201,1201,1201,1201,1201,1221,,,,,,,,2100,,,,,,,2100,,,,,,,,,,,,,2200,,,,,,,,,,,,,2110,,,,,,,,,,,,,,,,,,,,,,,,,,,,,,,,,,2100,,,,,,,,,,,,1320,1301,1301,1301,1301,1301,1301,1301,1301,1301,1301,1301,1301,1301,1301,1301,1301,1301,1301,1301,1301,1301,1301,1301,1301,1301,1301,1301,1301,1301,1301,1301,1301,1301,1301,1301,1301,1321,,,,2100,,,,,,2100,,,,,,,,,,,,,,,,,,,,,,2200,,,,,,,,,,,,,,,,,,,,,,,,,,,,,2100,,,,,,,,,,,,,,,,,,,,,,,,,,,,,,,,,2110,,,,,,,,,,,,,,,2100,,,,,,,,,,2100,,,,,10,,,,,,,,,,
1100,1100,1100,1100,1100,1100,1100,1100,1100,1100,1100,1100,1100,1100,1100,1100,1100,1100,1100,1100,1100,1100,1100,1100,1100,1100,1100,1100,1100,1100,1100,1100,1100,1100,1100,1100,1100,1100,1100,1100,1100,1100,1100,1100,1100,1100,1100,1100,1100,1100,1101,1101,1101,1101,1101,1101,1101,1101,1101,1101,1101,1101,1101,1101,1101,1101,1101,1101,1101,1101,1101,1101,1100,1100,1100,1100,1100,1100,1100,1100,1100,1100,1100,1100,1100,1100,1100,1101,1101,1101,1101,1101,1101,1101,1101,1101,1101,1101,1101,1101,1101,1101,1101,1101,1101,1101,1101,1101,1100,1100,1100,1100,1100,1100,1100,1100,1100,1100,1100,1100,1100,1100,1100,1100,1100,1100,1100,1100,1100,1100,1100,1100,1100,1100,1110,,,,,,,1111,1100,1100,1100,1100,1100,1100,1100,1100,1100,1100,1100,1100,1100,1100,1100,1100,1101,1101,1101,1101,1101,1101,1101,1101,1101,1101,1101,1101,1101,1101,1101,1101,1101,1101,1101,1101,1101,1101,1101,1101,1101,1101,1101,1100,1100,1100,1100,1100,1100,1100,1100,1100,1100,1100,1100,1100,1100,1100,1110,,,,,,1111,1100,1100,1100,1100,1110,,,,,,,1111,1100,1100,1100,1100,1100,1100,1100,1100,1100,1100,1100,1100,1100,1100,1100,1100,1100,1100,1100,1100,1100,1100,1100,1100,1100,1100,1100,1100,1100,1100,1100,1100,1100,1100,1100,1100,1100,1100,1100,1100,1100,1100,1101,1101,1101,1101,1101,1101,1101,1101,1101,1101,1101,1101,1101,1101,1101,1101,1101,1101,1101,1101,1101,1101,1101,1101,1101,1101,1101,1101,1101,1101,1101,1101,1101,1101,1101,1100,1100,1100,1100,1100,1100,1100,1100,1100,1100,1100,1100,1110,,,,,,1211,1200,1200,1200,1200,1200,1200,1200,1200,1200,1200,1200,1200,1200,1200,1200,1200,1200,1200,1200,1200,1200,1200,1200,1200,1200,1200,1200,1200,1200,1200,1200,1200,1200,1200,1200,1200,1200,1200,1200,1200,1210,,,,,,1211,1200,1200,1200,1200,1200,1200,1200,1200,1210,,,,,,1211,1200,1200,1200,1200,1200,1200,1200,1200,1200,1200,1200,1200,1200,1200,1200,1200,1200,1200,1200,1200,1200,1200,1200,1200,1200,1200,1200,1200,1200,1200,1200,1200,1200,1200,1200,1200,1200,1200,1200,1200,1200,1200,1200,1200,1200,1200,1200,1200,1200,1200,1201,1201,1201,1201,1201,1201,1201,1201,1201,1201,1201,1201,1201,1201,1201,1201,1201,1201,1201,1201,1201,1201,1201,1201,1201,1201,1201,1201,1201,1201,1201,1201,1201,1201,1201,1201,1201,1201,1201,1201,1201,1201,1201,1201,1201,1200,1200,1200,1200,1200,1200,1200,1200,1200,1200,1200,1210,,,,,,1211,1200,1200,1200,1200,1200,1200,1200,1200,1200,1200,1200,1200,1200,1200,1200,1200,1210,,,,1211,1200,1210,,,1211,1200,1200,1200,1200,1200,1200,1200,1200,1200,1200,1200,1200,1200,1200,1200,1200,1200,1200,1201,1201,1201,1201,1201,1201,1201,1201,1201,1201,1201,1200,1200,1200,1200,1200,1200,1200,1201,1201,1201,1201,1201,1201,1201,1201,1201,1201,1201,1201,1201,1201,1201,1201,1201,1201,1201,1200,1200,1200,1200,1200,1200,1200,1200,1200,1200,1200,1200,1200,1200,1200,1200,1210,,,,,,1211,1200,1200,1200,1200,1200,1200,1200,1210,,,,,,1211,1200,1200,1200,1200,1200,1200,1200,1200,1200,1200,1200,1200,1210,,,,,,,1311,1300,1300,1300,1300,1300,1300,1300,1300,1300,1300,1300,1300,1300,1300,1300,1300,1300,1300,1300,1300,1300,1300,1300,1300,1300,1300,1300,1300,1300,1301,1301,1301,1301,1301,1301,1301,1301,1301,1301,1301,1301,1301,1301,1301,1301,1301,1301,1301,1301,1301,1301,1301,1301,1301,1301,1301,1301,1301,1301,1301,1301,1301,1301,1301,1301,1301,1301,1300,1300,1300,1300,1300,1300,1300,1300,1300,1300,1300,1300,1300,1300,1300,1300,1300,1310,,,,,,1311,1300,1300,1300,1300,1300,1300,1300,1300,1300,1300,1300,1300,1300,1300,1300,1300,1300,1300,1300,1300,1300,1300,1300,1300,1300,1300,1300,1300,1300,1300,1300,1300,1300,1300,1300,1300,1300,1300,1300,1300,1300,1300,1300,1310,,,,,,1311,1300,1300,1300,1300,1300,1300,1300,1300,1300,1300,1300,1300,1300,1300,1300,1300,1300,1300,1300,1300,1300,1300,1300,1300,1300,1300,1300,1300,1300,1300,1300,1300,1300,1300,1300,1300,1300,1300,1300,1300,1300,1300,1300,1300,1300,1300,1300,1300,1300,1300,1300,1300,1300,1300,1300,1300,1300,1300,1300,1300
1101,1101,1101,1101,1101,1101,1101,1101,1101,1101,1101,1101,1101,1101,1101,1101,1101,1101,1101,1101,1101,1101,1101,1101,1101,1101,1101,1101,1101,1101,1101,1101,1101,1101,1101,1101,1101,1101,1101,1101,1101,1101,1101,1101,1101,1101,1101,1101,1101,1101,1101,1101,1101,1101,1101,1101,1101,1101,1101,1101,1101,1101,1101,1101,1101,1101,1101,1101,1101,1101,1101,1101,1101,1101,1101,1101,1101,1101,1101,1101,1101,1101,1101,1101,1101,1101,1101,1101,1101,1101,1101,1101,1101,1101,1101,1101,1101,1101,1101,1101,1101,1101,1101,1101,1101,1101,1101,1101,1101,1101,1101,1101,1101,1101,1101,1101,1101,1101,1101,1101,1101,1101,1101,1101,1101,1101,1101,1101,1101,1101,1101,1101,1101,1101,1101,,,,,,,1101,1101,1101,1101,1101,1101,1101,1101,1101,1101,1101,1101,1101,1101,1101,1101,1101,1101,1101,1101,1101,1101,1101,1101,1101,1101,1101,1101,1101,1101,1101,1101,1101,1101,1101,1101,1101,1101,1101,1101,1101,1101,1101,1101,1101,1101,1101,1101,1101,1101,1101,1101,1101,1101,1101,1101,1101,1101,1101,1101,,,,,,1101,1101,1101,1101,1101,1101,,,,,,,1101,1101,1101,1101,1101,1101,1101,1101,1101,1101,1101,1101,1101,1101,1101,1101,1101,1101,1101,1101,1101,1101,1101,1101,1101,1101,1101,1101,1101,1101,1101,1101,1101,1101,1101,1101,1101,1101,1101,1101,1101,1101,1101,1101,1101,1101,1101,1101,1101,1101,1101,1101,1101,1101,1101,1101,1101,1101,1101,1101,1101,1101,1101,1101,1101,1101,1101,1101,1101,1101,1101,1101,1101,1101,1101,1101,1101,1101,1101,1101,1101,1101,1101,1101,1101,1101,1101,1101,1101,1101,1101,,,,,,1101,1101,1101,1101,1101,1101,1101,1101,1101,1101,1101,1101,1101,1101,1101,1101,1101,1101,1101,1101,1101,1101,1101,1101,1101,1101,1101,1101,1101,1101,1101,1101,1101,1101,1101,1101,1101,1101,1101,1101,1101,1101,,,,,,1101,1101,1101,1101,1101,1101,1101,1101,1101,1101,,,,,,1101,1101,1101,1101,1101,1101,1101,1101,1101,1101,1101,1101,1101,1101,1101,1101,1101,1101,1101,1101,1101,1101,1101,1101,1101,1101,1101,1101,1101,1101,1101,1101,1101,1101,1101,1101,1101,1101,1101,1101,1101,1101,1101,1101,1101,1101,1101,1101,1101,1101,1101,1101,1101,1101,1101,1101,1101,1101,1101,1101,1101,1101,1101,1101,1101,1101,1101,1101,1101,1101,1101,1101,1101,1101,1101,1101,1101,1101,1101,1101,1101,1101,1101,1101,1101,1101,1101,1101,1101,1101,1101,1101,1101,1101,1101,1101,1101,1101,1101,1101,1101,1101,1101,1101,1101,1101,1101,1101,,,,,,1101,1101,1101,1101,1101,1101,1101,1101,1101,1101,1101,1101,1101,1101,1101,1101,1101,1101,,,,1101,1101,1101,,,1101,1101,1101,1101,1101,1101,1101,1101,1101,1101,1101,1101,1101,1101,1101,1101,1101,1101,1101,1101,1101,1101,1101,1101,1101,1101,1101,1101,1101,1101,1101,1101,1101,1101,1101,1101,1101,1101,1101,1101,1101,1101,1101,1101,1101,1101,1101,1101,1101,1101,1101,1101,1101,1101,1101,1101,1101,1101,1101,1101,1101,1101,1101,1101,1101,1101,1101,1101,1101,1101,1101,1101,1101,,,,,,1101,1101,1101,1101,1101,1101,1101,1101,1101,,,,,,1101,1101,1101,1101,1101,1101,1101,1101,1101,1101,1101,1101,1101,1101,,,,,,,1101,1101,1101,1101,1101,1101,1101,1101,1101,1101,1101,1101,1101,1101,1101,1101,1101,1101,1101,1101,1101,1101,1101,1101,1101,1101,1101,1101,1101,1101,1101,1101,1101,1101,1101,1101,1101,1101,1101,1101,1101,1101,1101,1101,1101,1101,1101,1101,1101,1101,1101,1101,1101,1101,1101,1101,1101,1101,1101,1101,1101,1101,1101,1101,1101,1101,1101,1101,1101,1101,1101,1101,1101,1101,1101,1101,1101,1101,1101,1101,1101,1101,1101,1101,1101,1101,,,,,,1101,1101,1101,1101,1101,1101,1101,1101,1101,1101,1101,1101,1101,1101,1101,1101,1101,1101,1101,1101,1101,1101,1101,1101,1101,1101,1101,1101,1101,1101,1101,1101,1101,1101,1101,1101,1101,1101,1101,1101,1101,1101,1101,1101,1101,,,,,,1101,1101,1101,1101,1101,1101,1101,1101,1101,1101,1101,1101,1101,1101,1101,1101,1101,1101,1101,1101,1101,1101,1101,1101,1101,1101,1101,1101,1101,1101,1101,1101,1101,1101,1101,1101,1101,1101,1101,1101,1101,1101,1101,1101,1101,1101,1101,1101,1101,1101,1101,1101,1101,1101,1101,1101,1101,1101,1101,1101,1101
1101,1101,1101,1101,1101,1101,1101,1101,1101,1101,1101,1101,1101,1101,1101,1101,1101,1101,1101,1101,1101,1101,1101,1101,1101,1101,1101,1101,1101,1101,1101,1101,1101,1101,1101,1101,1101,1101,1101,1101,1101,1101,1101,1101,1101,1101,1101,1101,1101,1101,1101,1101,1101,1101,1101,1101,1101,1101,1101,1101,1101,1101,1101,1101,1101,1101,1101,1101,1101,1101,1101,1101,1101,1101,1101,1101,1101,1101,1101,1101,1101,1101,1101,1101,1101,1101,1101,1101,1101,1101,1101,1101,1101,1101,1101,1101,1101,1101,1101,1101,1101,1101,1101,1101,1101,1101,1101,1101,1101,1101,1101,1101,1101,1101,1101,1101,1101,1101,1101,1101,1101,1101,1101,1101,1101,1101,1101,1101,1101,1101,1101,1101,1101,1101,1101,,,,,,,1101,1101,1101,1101,1101,1101,1101,1101,1101,1101,1101,1101,1101,1101,1101,1101,1101,1101,1101,1101,1101,1101,1101,1101,1101,1101,1101,1101,1101,1101,1101,1101,1101,1101,1101,1101,1101,1101,1101,1101,1101,1101,1101,1101,1101,1101,1101,1101,1101,1101,1101,1101,1101,1101,1101,1101,1101,1101,1101,1101,,,,,,1101,1101,1101,1101,1101,1101,,,,,,,1101,1101,1101,1101,1101,1101,1101,1101,1101,1101,1101,1101,1101,1101,1101,1101,1101,1101,1101,1101,1101,1101,1101,1101,1101,1101,1101,1101,1101,1101,1101,1101,1101,1101,1101,1101,1101,1101,1101,1101,1101,1101,1101,1101,1101,1101,1101,1101,1101,1101,1101,1101,1101,1101,1101,1101,1101,1101,1101,1101,1101,1101,1101,1101,1101,1101,1101,1101,1101,1101,1101,1101,1101,1101,1101,1101,1101,1101,1101,1101,1101,1101,1101,1101,1101,1101,1101,1101,1101,1101,1101,,,,,,1101,1101,1101,1101,1101,1101,1101,1101,1101,1101,1101,1101,1101,1101,1101,1101,1101,1101,1101,1101,1101,1101,1101,1101,1101,1101,1101,1101,1101,1101,1101,1101,1101,1101,1101,1101,1101,1101,1101,1101,1101,1101,,,,,,1101,1101,1101,1101,1101,1101,1101,1101,1101,1101,,,,,,1101,1101,1101,1101,1101,1101,1101,1101,1101,1101,1101,1101,1101,1101,1101,1101,1101,1101,1101,1101,1101,1101,1101,1101,1101,1101,1101,1101,1101,1101,1101,1101,1101,1101,1101,1101,1101,1101,1101,1101,1101,1101,1101,1101,1101,1101,1101,1101,1101,1101,1101,1101,1101,1101,1101,1101,1101,1101,1101,1101,1101,1101,1101,1101,1101,1101,1101,1101,1101,1101,1101,1101,1101,1101,1101,1101,1101,1101,1101,1101,1101,1101,1101,1101,1101,1101,1101,1101,1101,1101,1101,1101,1101,1101,1101,1101,1101,1101,1101,1101,1101,1101,1101,1101,1101,1101,1101,1101,,,,,,1101,1101,1101,1101,1101,1101,1101,1101,1101,1101,1101,1101,1101,1101,1101,1101,1101,1101,,,,1101,1101,1101,,,1101,1101,1101,1101,1101,1101,1101,1101,1101,1101,1101,1101,1101,1101,1101,1101,1101,1101,1101,1101,1101,1101,1101,1101,1101,1101,1101,1101,1101,1101,1101,1101,1101,1101,1101,1101,1101,1101,1101,1101,1101,1101,1101,1101,1101,1101,1101,1101,1101,1101,1101,1101,1101,1101,1101,1101,1101,1101,1101,1101,1101,1101,1101,1101,1101,1101,1101,1101,1101,1101,1101,1101,1101,,,,,,1101,1101,1101,1101,1101,1101,1101,1101,1101,,,,,,1101,1101,1101,1101,1101,1101,1101,1101,1101,1101,1101,1101,1101,1101,,,,,,,1101,1101,1101,1101,1101,1101,1101,1101,1101,1101,1101,1101,1101,1101,1101,1101,1101,1101,1101,1101,1101,1101,1101,1101,1101,1101,1101,1101,1101,1101,1101,1101,1101,1101,1101,1101,1101,1101,1101,1101,1101,1101,1101,1101,1101,1101,1101,1101,1101,1101,1101,1101,1101,1101,1101,1101,1101,1101,1101,1101,1101,1101,1101,1101,1101,1101,1101,1101,1101,1101,1101,1101,1101,1101,1101,1101,1101,1101,1101,1101,1101,1101,1101,1101,1101,1101,,,,,,1101,1101,1101,1101,1101,1101,1101,1101,1101,1101,1101,1101,1101,1101,1101,1101,1101,1101,1101,1101,1101,1101,1101,1101,1101,1101,1101,1101,1101,1101,1101,1101,1101,1101,1101,1101,1101,1101,1101,1101,1101,1101,1101,1101,1101,,,,,,1101,1101,1101,1101,1101,1101,1101,1101,1101,1101,1101,1101,1101,1101,1101,1101,1101,1101,1101,1101,1101,1101,1101,1101,1101,1101,1101,1101,1101,1101,1101,1101,1101,1101,1101,1101,1101,1101,1101,1101,1101,1101,1101,1101,1101,1101,1101,1101,1101,1101,1101,1101,1101,1101,1101,1101,1101,1101,1101,1101,1101
